brand,discount,images,in_stock,item_id,keyword,merchant_name,mrp,page_number,price,product_url,rank,rating,reviews_count,seller_id,sku,sold_count,sponsored,thumbnail,title
MS,78% Off,"https://th-live-01.slatic.net/p/b964537974928ee6096cc9ee1b1f3819.jpg,https://th-live-01.slatic.net/p/b964537974928ee6096cc9ee1b1f3819.jpg,https://th-live-01.slatic.net/p/b964537974928ee6096cc9ee1b1f3819.jpg,https://th-live-01.slatic.net/p/bd4edefd2a8bbb158e586d986a323486.jpg,https://th-live-01.slatic.net/p/bd4edefd2a8bbb158e586d986a323486.jpg,https://th-live-01.slatic.net/p/bd4edefd2a8bbb158e586d986a323486.jpg,https://th-live-01.slatic.net/p/bd4edefd2a8bbb158e586d986a323486.jpg,https://th-live-01.slatic.net/p/bd4edefd2a8bbb158e586d986a323486.jpg,https://th-live-01.slatic.net/p/b964537974928ee6096cc9ee1b1f3819.jpg,https://th-live-01.slatic.net/p/b964537974928ee6096cc9ee1b1f3819.jpg,https://th-live-01.slatic.net/p/bd4edefd2a8bbb158e586d986a323486.jpg,https://th-live-01.slatic.net/p/bd4edefd2a8bbb158e586d986a323486.jpg,https://th-live-01.slatic.net/p/b964537974928ee6096cc9ee1b1f3819.jpg",True,2006798935,protein,FoodGreat,499,1,109,//www.lazada.co.th/products/ms-soy-protein-isolate-whey-i2006798935.html,,4.94,9502,1000415516,2006798935_TH,29.3K sold,False,https://th-live-01.slatic.net/p/bd4edefd2a8bbb158e586d986a323486.jpg,MS SOY PROTEIN ISOLATE  ‡∏ã‡∏≠‡∏¢‡πÇ‡∏õ‡∏£‡∏ï‡∏µ‡∏ô ‡πÇ‡∏õ‡∏£‡∏ï‡∏µ‡∏ô‡∏ñ‡∏±‡πà‡∏ß‡πÄ‡∏´‡∏•‡∏∑‡∏≠‡∏á ‡πÑ‡∏≠‡πÇ‡∏ã‡πÄ‡∏•‡∏ó ‡πÄ‡∏û‡∏¥‡πà‡∏°‡∏Å‡∏•‡πâ‡∏≤‡∏° ‡∏•‡∏î‡πÑ‡∏Ç‡∏°‡∏±‡∏ô ‡πÅ‡∏û‡πâ‡πÄ‡∏ß‡∏¢‡πåwhey ‡πÇ‡∏õ‡∏£‡∏ï‡∏µ‡∏ô‡∏ô‡∏° ‡∏ó‡∏≤‡∏ô‡πÑ‡∏î‡πâ ‡∏≠‡∏¢‡∏π‡πà‡∏ó‡πâ‡∏≠‡∏á ‡∏•‡∏î‡∏´‡∏¥‡∏ß
No Brand,31% Off,,True,5185558564,protein,X-Nutri,299,1,205,//www.lazada.co.th/products/xnu-mass-soy-protein-gainer-900g-900-i5185558564.html,,4.97,299,100194714141,5185558564_TH,984 sold,False,https://th-live-01.slatic.net/p/ff453c72ca2ca9497a3abb4b3d94c142.jpg,XNU Mass Soy Protein Gainer 900g ‡πÅ‡∏°‡∏™ ‡∏ã‡∏≠‡∏¢ ‡πÇ‡∏õ‡∏£‡∏ï‡∏µ‡∏ô 900‡∏Å‡∏£‡∏±‡∏°
MATELL,17% Off,,True,2345028829,protein,MATELL,199,1,164.43,//www.lazada.co.th/products/matell-soy-protein-isolate-plant-based-non-whey-i2345028829.html,,4.92,34490,100183276,2345028829_TH,245.7K sold,False,https://th-live-01.slatic.net/p/0f88277f2f8953461c377fb1541f9a41.jpg,MATELL Soy Protein Isolate Plant Based ‡∏ñ‡∏±‡πà‡∏ß‡πÄ‡∏´‡∏•‡∏∑‡∏≠‡∏á ‡∏ã‡∏≠‡∏¢ ‡πÇ‡∏õ‡∏£‡∏ï‡∏µ‡∏ô ‡πÑ‡∏≠‡πÇ‡∏ã‡πÄ‡∏•‡∏ó (Non Whey ‡πÄ‡∏ß‡∏¢‡πå )
No Brand,,https://th-live.slatic.net/p/0306eff22f16f3464215d17788c103b9.jpg,True,4732511046,protein,‡πÄ‡∏ß‡∏¥‡∏£‡πå‡∏Ñ‡πÄ‡∏≠‡∏≤‡∏ó‡πå,190,1,190,//www.lazada.co.th/products/california-gold-nutrition-450-isolate-i4732511046.html,,4.96,700,100430064462,4732511046_TH,3.5K sold,False,https://th-live.slatic.net/p/cc3c71235012e9ab227d1dcfa45eba0c.jpg,‡πÄ‡∏ß‡∏¢‡πå‡πÇ‡∏õ‡∏£‡∏ï‡∏µ‡∏ô‡πÑ‡∏≠‡πÇ‡∏ã‡πÄ‡∏•‡∏ó California Gold Nutrition ‡πÅ‡∏ö‡πà‡∏á‡∏Ç‡∏≤‡∏¢450‡∏Å‡∏£‡∏±‡∏° ‡πÄ‡∏ß‡∏¢‡πå‡πÇ‡∏õ‡∏£‡∏ï‡∏µ‡∏ôIsolate
WINKWHITE THAILAND,,,True,5167084173,protein,‡∏î‡∏£‡∏µ‡∏°_‡∏ä‡πá‡∏≠‡∏õ,198,1,198,//www.lazada.co.th/products/wink-white-xs-protein-i5167084173.html,,4.99,183,100238826634,5167084173_TH,496 sold,False,https://filebroker-cdn.lazada.co.th/kf/Scb4d02f444294c5b9bbe2fd44dfd96e3K.jpg,‡∏û‡∏£‡πâ‡∏≠‡∏°‡∏™‡πà‡∏á!! ‚òïÔ∏è WINK WHITE XS Protein ‡∏ß‡∏¥‡∏á‡∏Ñ‡πå‡πÑ‡∏ß‡∏ó‡πå ‡πÇ‡∏õ‡∏£‡∏ï‡∏µ‡∏ô  ‡∏Ñ‡∏∏‡∏°‡∏´‡∏¥‡∏ß ‡πÄ‡∏£‡πà‡∏á‡πÄ‡∏ú‡∏≤‡∏ú‡∏•‡∏≤‡∏ç ‡∏Ç‡∏≠‡∏á‡πÅ‡∏ó‡πâ üíØ ‡∏™‡πà‡∏á‡πÄ‡∏£‡πá‡∏ß ‡∏™‡πà‡∏á‡πÑ‡∏ß ‡∏™‡πà‡∏á‡∏ó‡∏∏‡∏Å‡∏ß‡∏±‡∏ô ‡∏Å‡∏≤‡∏£‡∏±‡∏ô‡∏ï‡∏µ üåü
No Brand,34% Off,,True,5185465947,protein,X-Nutri,379,1,252,//www.lazada.co.th/products/kcm-soy-protein-isolate-1-900-dutch-cocoa-i5185465947.html,,5.0,149,100194714141,5185465947_TH,505 sold,False,https://th-live-01.slatic.net/p/2d5876df8ea59aef5d6f289f88a485d6.jpg,KCM Soy Protein Isolate  ‡∏£‡∏™‡∏ä‡πâ‡∏≠‡∏Ñ‡πÇ‡∏Å‡πÅ‡∏•‡∏ï  (1 ‡∏ã‡∏≠‡∏á 900 ‡∏Å‡∏£‡∏±‡∏°) ‡πÇ‡∏Å‡πÇ‡∏Å‡πâ‡∏ô‡∏≥‡πÄ‡∏Ç‡πâ‡∏≤‡∏à‡∏≤‡∏Å‡πÄ‡∏ô‡πÄ‡∏ò‡∏≠‡∏£‡πå‡πÅ‡∏•‡∏ô‡∏î‡πå(Dutch Cocoa)
New Life Plus,64% Off,"https://th-live-01.slatic.net/p/727d82a0b56f5274cd9952587f777e20.jpg,https://th-live-01.slatic.net/p/da422568929c477ef3f6de11b5639b96.jpg,https://th-live-01.slatic.net/p/04eceaf1b0ee2a5b8f838df58ca051a2.jpg,https://th-live-01.slatic.net/p/4cae7d6ceb29f7e76ed0ccb86a86b15e.jpg,https://th-live-01.slatic.net/p/33aec26495d3dc89c76f7096f062b0a2.jpg,https://th-live-01.slatic.net/p/9af7f2ff7b5423903b367b11ade6415d.jpg,https://th-live-01.slatic.net/p/7bf538e2c5e171abd912ba8dc4c4ddf1.jpg,https://th-live-01.slatic.net/p/af1e9cf7ecdcaa13712bea6fb961caa2.jpg,https://th-live-01.slatic.net/p/0961224acd2864c8721fe7f4c587f3a3.jpg,https://th-live-01.slatic.net/p/a4c972bcd6ddd9b0669c5519d57a38f9.jpg",True,4874817320,protein,NLP Vita Shop,3890,1,1402,//www.lazada.co.th/products/11-nlp-whey-protein-isolate-chocolate-malt-flavor-1-800-i4874817320.html,,4.91,489,100350592865,4874817320_TH,1.4K sold,False,https://sg-test-11.slatic.net/p/af1e9cf7ecdcaa13712bea6fb961caa2.jpg,‚ö°‡∏™‡πà‡∏á‡∏ü‡∏£‡∏µüî•(1‡πÅ‡∏ñ‡∏°1) NLP Whey Protein Isolate Chocolate Malt Flavor ‡πÄ‡∏ß‡∏¢‡πå‡πÇ‡∏õ‡∏£‡∏ï‡∏µ‡∏ô ‡πÑ‡∏≠‡πÇ‡∏ã‡πÄ‡∏•‡∏ï ‡∏£‡∏™‡∏ä‡πá‡∏≠‡∏Å‡πÇ‡∏Å‡πÅ‡∏•‡∏ï ‡∏°‡∏≠‡∏•‡∏ï‡πå 1 ‡∏Å‡∏£‡∏∞‡∏õ‡∏∏‡∏Å 800 ‡∏Å‡∏£‡∏±‡∏° ‡∏ó‡∏≤‡∏ô‡∏á‡πà‡∏≤‡∏¢ ‡∏î‡∏π‡∏î‡∏ã‡∏∂‡∏°‡πÄ‡∏£‡πá‡∏ß ‡∏°‡∏µ‡πÇ‡∏õ‡∏£‡∏ï‡∏µ‡∏ô‡∏™‡∏π‡∏á
BAAM,48% Off,,True,500858830,protein,FITWHEY,700,1,366,//www.lazada.co.th/products/baam-my-whey-1lb-whey-protein-fitwhey-i500858830.html,,4.94,5057,1000097642,500858830_TH,21.8K sold,False,https://th-live-01.slatic.net/p/5be243a6f65fad8e0aa500a7861f1b33.jpg,BAAM MY WHEY 1lb Whey Protein ‡πÄ‡∏ß‡∏¢‡πå‡πÇ‡∏õ‡∏£‡∏ï‡∏µ‡∏ô‡πÄ‡∏û‡∏¥‡πà‡∏°‡∏Å‡∏•‡πâ‡∏≤‡∏°‡πÄ‡∏ô‡∏∑‡πâ‡∏≠ FITWHEY
No Brand,77% Off,,True,3517270443,protein,AD-WHEY,2500,1,567,//www.lazada.co.th/products/soy-protein-isolate-22-lbs-set3-1000-i3517270443.html,,4.92,450,100204359645,3517270443_TH,1.2K sold,False,https://sg-live-01.slatic.net/p/60de95fae461644bbc01670b746d4223.jpg,Soy Protein Isolate 2.2 lbs Set3‡∏ñ‡∏∏‡∏á ‡∏ã‡∏≠‡∏¢‡πÇ‡∏õ‡∏£‡∏ï‡∏µ‡∏ô‡πÑ‡∏≠‡πÇ‡∏ã‡πÄ‡∏•‡∏ó ‡∏Ç‡∏ô‡∏≤‡∏î 1000 ‡∏Å‡∏£‡∏±‡∏° ‡∏•‡∏µ‡∏ô ‡∏ü‡∏¥‡∏ï ‡∏Å‡∏•‡πâ‡∏≤‡∏°‡πÄ‡∏ô‡∏∑‡πâ‡∏≠ ‡∏≠‡∏¥‡πà‡∏°‡∏ó‡πâ‡∏≠‡∏á ‡πÄ‡∏ß‡∏¢‡πå‡πÇ‡∏õ‡∏£‡∏ï‡∏µ‡∏ô‡∏ñ‡∏±‡πà‡∏ß‡πÄ‡∏´‡∏•‡∏∑‡∏≠‡∏á
Aw,77% Off,,True,2189090487,protein,AW-SHOP Office ,950,1,218,//www.lazada.co.th/products/aw-pea-protein-isolate-2lbs-907-i2189090487.html,,4.93,2978,100188399572,2189090487_TH,9.2K sold,False,https://th-live-01.slatic.net/p/85fb4d88fdaee2a219195ea878ab1bb8.jpg,AW-Pea Protein Isolate ‡πÇ‡∏õ‡∏£‡∏ï‡∏µ‡∏ô‡∏ñ‡∏±‡πà‡∏ß‡∏•‡∏±‡∏ô‡πÄ‡∏ï‡∏≤ 2lbs ( 907‡∏Å‡∏£‡∏±‡∏°)
MATELL,28% Off,"https://th-live.slatic.net/p/5117f743ed961990c26bf60a5dfc5f62.jpg,https://th-live.slatic.net/p/69e095f6daed3b8f87b094827c2b9839.jpg,https://th-live.slatic.net/p/8313d7bffa8794fc54ef18c55b278745.jpg,https://th-live.slatic.net/p/e854b86f223e34b32add5c161874a25f.jpg",True,3769830406,protein,MATELL,429,1,310.38,//www.lazada.co.th/products/matell-plant-based-protein-isolate-7-non-whey-908g-i3769830406.html,,4.92,9526,100183276,3769830406_TH,49.7K sold,False,https://th-live.slatic.net/p/8f10f4d9228f3f40e170e07c8f52d604.jpg,MATELL Plant-Based Protein Isolate ‡πÅ‡∏û‡∏•‡∏ô‡∏ï‡πå‡πÄ‡∏ö‡∏™‡∏î‡πå ‡πÑ‡∏≠‡πÇ‡∏ã‡πÄ‡∏•‡∏ó ‡πÇ‡∏õ‡∏£‡∏ï‡∏µ‡∏ô‡∏û‡∏∑‡∏ä 7 ‡∏ä‡∏ô‡∏¥‡∏î Non Whey ‡πÄ‡∏ß‡∏¢‡πå 908g
MATELL,15% Off,,True,5065322089,protein,MATELL,399,1,339.57,//www.lazada.co.th/products/matell-micronized-creatine-300-i5065322089.html,,4.98,570,100183276,5065322089_TH,1.8K sold,False,https://th-live-01.slatic.net/p/c6d74e2092293d8a3e7d904c9d3582d8.png,MATELL micronized Creatine ‡πÑ‡∏°‡πÇ‡∏Ñ‡∏£‡πÑ‡∏ô‡∏ã‡πå ‡∏Ñ‡∏£‡∏µ‡πÄ‡∏≠‡∏ó‡∏µ‡∏ô 300 ‡∏Å‡∏£‡∏±‡∏°
No Brand,80% Off,,True,3516956448,protein,AD-WHEY,940,1,189,//www.lazada.co.th/products/soy-protein-isolate-22-lbs-1000-i3516956448.html,,4.94,2598,100204359645,3516956448_TH,10.7K sold,False,https://sg-live-01.slatic.net/p/f56d26c7cae294983b8a3b677db6f79d.jpg,Soy Protein Isolate 2.2 lbs ‡∏ã‡∏≠‡∏¢‡πÇ‡∏õ‡∏£‡∏ï‡∏µ‡∏ô‡πÑ‡∏≠‡πÇ‡∏ã‡πÄ‡∏•‡∏ó ‡∏Ç‡∏ô‡∏≤‡∏î 1000 ‡∏Å‡∏£‡∏±‡∏° ‡∏•‡∏µ‡∏ô ‡∏ü‡∏¥‡∏ï ‡∏Å‡∏•‡πâ‡∏≤‡∏°‡πÄ‡∏ô‡∏∑‡πâ‡∏≠ ‡∏≠‡∏¥‡πà‡∏°‡∏ó‡πâ‡∏≠‡∏á ‡πÄ‡∏ß‡∏¢‡πå‡πÇ‡∏õ‡∏£‡∏ï‡∏µ‡∏ô‡∏ñ‡∏±‡πà‡∏ß‡πÄ‡∏´‡∏•‡∏∑‡∏≠‡∏á
MARWELL SOYPROTEIN,19% Off,,True,4696477395,protein,Little Cactus 1602667661,225,1,181.44,//www.lazada.co.th/products/1-marwell-soy-protein-isolate-chocolate-450-i4696477395.html,,4.97,639,100188000016,4696477395_TH,1.6K sold,False,https://sg-test-11.slatic.net/p/85f36e5eaa85d48070c2a189614be0c9.jpg,1 ‡∏ã‡∏≠‡∏á ‡∏°‡∏≤‡πÄ‡∏ß‡∏• ‡∏ã‡∏≠‡∏¢‡πÇ‡∏õ‡∏£‡∏ï‡∏µ‡∏ô ‡πÑ‡∏≠‡πÇ‡∏ã‡πÄ‡∏•‡∏ó ‡∏ä‡πá‡∏≠‡∏Ñ‡πÇ‡∏Å‡πÅ‡∏•‡∏ï marwell soy protein isolate chocolate ‡∏Ç‡∏ô‡∏≤‡∏î 450 ‡∏Å‡∏£‡∏±‡∏° ‡∏•‡∏µ‡∏ô ‡∏ü‡∏¥‡∏ï‡∏´‡∏∏‡πà‡∏ô ‡∏≠‡∏¥‡πà‡∏°‡∏ó‡πâ‡∏≠‡∏á ‡πÄ‡∏û‡∏¥‡πà‡∏°‡∏Å‡∏•‡πâ‡∏≤‡∏°‡πÄ‡∏ô‡∏∑‡πâ‡∏≠
Wink White Thailand,41% Off,"https://th-live-01.slatic.net/p/145bd7154d19465acbd1e7f542287fdf.jpg,https://th-live-01.slatic.net/p/145bd7154d19465acbd1e7f542287fdf.jpg,https://th-live-01.slatic.net/p/145bd7154d19465acbd1e7f542287fdf.jpg,https://th-live-01.slatic.net/p/145bd7154d19465acbd1e7f542287fdf.jpg,https://th-live-01.slatic.net/p/145bd7154d19465acbd1e7f542287fdf.jpg,https://th-live-01.slatic.net/p/145bd7154d19465acbd1e7f542287fdf.jpg,https://th-live-01.slatic.net/p/145bd7154d19465acbd1e7f542287fdf.jpg,https://th-live-01.slatic.net/p/145bd7154d19465acbd1e7f542287fdf.jpg,https://th-live-01.slatic.net/p/145bd7154d19465acbd1e7f542287fdf.jpg,https://th-live-01.slatic.net/p/145bd7154d19465acbd1e7f542287fdf.jpg,https://th-live-01.slatic.net/p/145bd7154d19465acbd1e7f542287fdf.jpg,https://th-live-01.slatic.net/p/145bd7154d19465acbd1e7f542287fdf.jpg,https://th-live-01.slatic.net/p/145bd7154d19465acbd1e7f542287fdf.jpg,https://th-live-01.slatic.net/p/145bd7154d19465acbd1e7f542287fdf.jpg,https://th-live-01.slatic.net/p/145bd7154d19465acbd1e7f542287fdf.jpg,https://th-live-01.slatic.net/p/145bd7154d19465acbd1e7f542287fdf.jpg,https://th-live-01.slatic.net/p/145bd7154d19465acbd1e7f542287fdf.jpg,https://th-live-01.slatic.net/p/145bd7154d19465acbd1e7f542287fdf.jpg,https://th-live-01.slatic.net/p/145bd7154d19465acbd1e7f542287fdf.jpg,https://th-live-01.slatic.net/p/145bd7154d19465acbd1e7f542287fdf.jpg,https://th-live-01.slatic.net/p/145bd7154d19465acbd1e7f542287fdf.jpg,https://th-live-01.slatic.net/p/145bd7154d19465acbd1e7f542287fdf.jpg,https://th-live-01.slatic.net/p/145bd7154d19465acbd1e7f542287fdf.jpg,https://th-live-01.slatic.net/p/145bd7154d19465acbd1e7f542287fdf.jpg,https://th-live-01.slatic.net/p/145bd7154d19465acbd1e7f542287fdf.jpg,https://th-live-01.slatic.net/p/145bd7154d19465acbd1e7f542287fdf.jpg,https://th-live-01.slatic.net/p/145bd7154d19465acbd1e7f542287fdf.jpg,https://th-live-01.slatic.net/p/145bd7154d19465acbd1e7f542287fdf.jpg,https://th-live-01.slatic.net/p/145bd7154d19465acbd1e7f542287fdf.jpg,https://th-live-01.slatic.net/p/145bd7154d19465acbd1e7f542287fdf.jpg,https://th-live-01.slatic.net/p/145bd7154d19465acbd1e7f542287fdf.jpg,https://th-live-01.slatic.net/p/145bd7154d19465acbd1e7f542287fdf.jpg,https://th-live-01.slatic.net/p/145bd7154d19465acbd1e7f542287fdf.jpg,https://th-live-01.slatic.net/p/145bd7154d19465acbd1e7f542287fdf.jpg,https://th-live-01.slatic.net/p/145bd7154d19465acbd1e7f542287fdf.jpg,https://th-live-01.slatic.net/p/145bd7154d19465acbd1e7f542287fdf.jpg,https://th-live-01.slatic.net/p/145bd7154d19465acbd1e7f542287fdf.jpg,https://th-live-01.slatic.net/p/145bd7154d19465acbd1e7f542287fdf.jpg,https://th-live-01.slatic.net/p/145bd7154d19465acbd1e7f542287fdf.jpg,https://th-live-01.slatic.net/p/145bd7154d19465acbd1e7f542287fdf.jpg,https://th-live-01.slatic.net/p/145bd7154d19465acbd1e7f542287fdf.jpg,https://th-live-01.slatic.net/p/145bd7154d19465acbd1e7f542287fdf.jpg,https://th-live-01.slatic.net/p/145bd7154d19465acbd1e7f542287fdf.jpg,https://th-live-01.slatic.net/p/145bd7154d19465acbd1e7f542287fdf.jpg,https://th-live-01.slatic.net/p/145bd7154d19465acbd1e7f542287fdf.jpg,https://th-live-01.slatic.net/p/145bd7154d19465acbd1e7f542287fdf.jpg,https://th-live-01.slatic.net/p/145bd7154d19465acbd1e7f542287fdf.jpg,https://th-live-01.slatic.net/p/145bd7154d19465acbd1e7f542287fdf.jpg,https://th-live-01.slatic.net/p/145bd7154d19465acbd1e7f542287fdf.jpg,https://th-live-01.slatic.net/p/145bd7154d19465acbd1e7f542287fdf.jpg,https://th-live-01.slatic.net/p/145bd7154d19465acbd1e7f542287fdf.jpg,https://th-live-01.slatic.net/p/145bd7154d19465acbd1e7f542287fdf.jpg,https://th-live-01.slatic.net/p/145bd7154d19465acbd1e7f542287fdf.jpg,https://th-live-01.slatic.net/p/145bd7154d19465acbd1e7f542287fdf.jpg,https://th-live-01.slatic.net/p/145bd7154d19465acbd1e7f542287fdf.jpg,https://th-live-01.slatic.net/p/145bd7154d19465acbd1e7f542287fdf.jpg,https://th-live-01.slatic.net/p/145bd7154d19465acbd1e7f542287fdf.jpg,https://th-live-01.slatic.net/p/145bd7154d19465acbd1e7f542287fdf.jpg,https://th-live-01.slatic.net/p/145bd7154d19465acbd1e7f542287fdf.jpg,https://th-live-01.slatic.net/p/145bd7154d19465acbd1e7f542287fdf.jpg,https://th-live-01.slatic.net/p/145bd7154d19465acbd1e7f542287fdf.jpg,https://th-live-01.slatic.net/p/145bd7154d19465acbd1e7f542287fdf.jpg,https://th-live-01.slatic.net/p/145bd7154d19465acbd1e7f542287fdf.jpg,https://th-live-01.slatic.net/p/145bd7154d19465acbd1e7f542287fdf.jpg,https://th-live-01.slatic.net/p/145bd7154d19465acbd1e7f542287fdf.jpg,https://th-live-01.slatic.net/p/145bd7154d19465acbd1e7f542287fdf.jpg,https://th-live-01.slatic.net/p/145bd7154d19465acbd1e7f542287fdf.jpg,https://th-live-01.slatic.net/p/145bd7154d19465acbd1e7f542287fdf.jpg,https://th-live-01.slatic.net/p/145bd7154d19465acbd1e7f542287fdf.jpg,https://th-live-01.slatic.net/p/145bd7154d19465acbd1e7f542287fdf.jpg,https://th-live-01.slatic.net/p/145bd7154d19465acbd1e7f542287fdf.jpg,https://th-live-01.slatic.net/p/145bd7154d19465acbd1e7f542287fdf.jpg,https://th-live-01.slatic.net/p/145bd7154d19465acbd1e7f542287fdf.jpg,https://th-live-01.slatic.net/p/145bd7154d19465acbd1e7f542287fdf.jpg,https://th-live-01.slatic.net/p/145bd7154d19465acbd1e7f542287fdf.jpg,https://th-live-01.slatic.net/p/145bd7154d19465acbd1e7f542287fdf.jpg,https://th-live-01.slatic.net/p/145bd7154d19465acbd1e7f542287fdf.jpg,https://th-live-01.slatic.net/p/145bd7154d19465acbd1e7f542287fdf.jpg,https://th-live-01.slatic.net/p/145bd7154d19465acbd1e7f542287fdf.jpg,https://th-live-01.slatic.net/p/145bd7154d19465acbd1e7f542287fdf.jpg,https://th-live-01.slatic.net/p/145bd7154d19465acbd1e7f542287fdf.jpg,https://th-live-01.slatic.net/p/145bd7154d19465acbd1e7f542287fdf.jpg,https://th-live-01.slatic.net/p/145bd7154d19465acbd1e7f542287fdf.jpg,https://th-live-01.slatic.net/p/145bd7154d19465acbd1e7f542287fdf.jpg,https://th-live-01.slatic.net/p/145bd7154d19465acbd1e7f542287fdf.jpg,https://th-live-01.slatic.net/p/145bd7154d19465acbd1e7f542287fdf.jpg,https://th-live-01.slatic.net/p/145bd7154d19465acbd1e7f542287fdf.jpg,https://th-live-01.slatic.net/p/145bd7154d19465acbd1e7f542287fdf.jpg,https://th-live-01.slatic.net/p/145bd7154d19465acbd1e7f542287fdf.jpg,https://th-live-01.slatic.net/p/145bd7154d19465acbd1e7f542287fdf.jpg,https://th-live-01.slatic.net/p/145bd7154d19465acbd1e7f542287fdf.jpg,https://th-live-01.slatic.net/p/145bd7154d19465acbd1e7f542287fdf.jpg,https://th-live-01.slatic.net/p/145bd7154d19465acbd1e7f542287fdf.jpg,https://th-live-01.slatic.net/p/145bd7154d19465acbd1e7f542287fdf.jpg",True,4962798597,protein,WINK WHITE CEO,490,1,290,//www.lazada.co.th/products/wink-white-xs-whey-protein-i4962798597.html,,5.0,154,100244625269,4962798597_TH,290 sold,False,https://th-live-01.slatic.net/p/145bd7154d19465acbd1e7f542287fdf.jpg,Wink white Xs whey protein
Optimum Nutrition,35% Off,,True,734620971,protein,Optimum Nutrition,2300,1,1499,//www.lazada.co.th/products/optimum-nutrition-whey-protein-gold-standard-2lb-i734620971.html,,4.94,2701,100178658285,734620971_TH,13.8K sold,False,https://th-live-01.slatic.net/p/77ebfee44dbeaa41bfb30963ef223c34.jpg,Optimum Nutrition Whey Protein Gold Standard 2LB - ‡πÄ‡∏ß‡∏¢‡πå‡πÇ‡∏õ‡∏£‡∏ï‡∏µ‡∏ô ‡πÄ‡∏û‡∏¥‡πà‡∏°‡∏Å‡∏•‡πâ‡∏≤‡∏°‡πÄ‡∏ô‡∏∑‡πâ‡∏≠ ‡∏•‡∏î‡πÑ‡∏Ç‡∏°‡∏±‡∏ô
Calplus,4% Off,"https://filebroker-cdn.lazada.co.th/kf/Sff5bf186e59f436eb3ccd12eee0fa2e0k.jpg,https://filebroker-cdn.lazada.co.th/kf/Sc33945f9b0524db9b296ff68af6c7adae.jpg,https://filebroker-cdn.lazada.co.th/kf/Safa1fd3d913743439306e968fb5b72b3C.jpg,https://filebroker-cdn.lazada.co.th/kf/Sfc93110b93884be591633c854637b119B.jpg,https://filebroker-cdn.lazada.co.th/kf/Sa74f9894e76d464d85bf0bb07f7b048dW.jpg,https://filebroker-cdn.lazada.co.th/kf/S9cb8b5f952924f47af3d9565d27ab242Z.jpg,https://filebroker-cdn.lazada.co.th/kf/S9c7a6255e3e94220adf8b13c285006bav.jpg,https://filebroker-cdn.lazada.co.th/kf/S1352183c76914195a543de32ba20fd11S.jpg,https://filebroker-cdn.lazada.co.th/kf/S91059ebdb1104b059e796694c1412239z.jpg,https://filebroker-cdn.lazada.co.th/kf/S68dc2299b3da478e93833432716bfbd44.jpg,https://filebroker-cdn.lazada.co.th/kf/Sad0d71b8fd894c4085c156a3c2ccb9c50.jpg,https://filebroker-cdn.lazada.co.th/kf/S4499d5445fd44915b0ba147c92f93489q.jpg,https://filebroker-cdn.lazada.co.th/kf/Sf2a59903dded49ac8da7a69386a48369K.jpg,https://filebroker-cdn.lazada.co.th/kf/S3e7de41489944224a251e1e0976e26c5a.jpg,https://filebroker-cdn.lazada.co.th/kf/Sb815ef49c04e4503bf2630cf66b7c9d7x.jpg,https://filebroker-cdn.lazada.co.th/kf/S958ef295619a4f30bfbbc2c88ce98edc4.jpg,https://filebroker-cdn.lazada.co.th/kf/Sb3daecf0be7346b7b3089cb5c2cb56d0H.jpg,https://filebroker-cdn.lazada.co.th/kf/S34be007cc8be47c2ba9405f83b5cc59a7.jpg,https://filebroker-cdn.lazada.co.th/kf/S8a5601d471314e08a71eddd2f0ccdfb6V.jpg,https://filebroker-cdn.lazada.co.th/kf/S63d71a75b09c4acb99eb4df79b96731d9.jpg,https://filebroker-cdn.lazada.co.th/kf/S3cd7ce60b5024b8cb30f57e790f87c069.jpg,https://filebroker-cdn.lazada.co.th/kf/S0745c493fba94bd89c1d29cc54dd2645A.jpg,https://filebroker-cdn.lazada.co.th/kf/Sd0fd76acdee840af9b45f27d7adf1c18b.jpg,https://filebroker-cdn.lazada.co.th/kf/S7412edf6fda743cb9b69cee1f5eed71a9.jpg",True,3885040411,protein,Happy Shop's,350,1,336,//www.lazada.co.th/products/8-11-whey-protein-i3885040411.html,,4.99,1230,100187334177,3885040411_TH,3.5K sold,False,https://filebroker-cdn.lazada.co.th/kf/Sbe2c69f709a9422d9a40ada7ee641cc9S.jpg,Whery Protein Milk & Plant Protein
Aw,76% Off,,True,1744272152,protein,AW-SHOP Office ,900,1,218,//www.lazada.co.th/products/aw-soy-isolate-soy-protein-800-i1744272152.html,,4.9,2890,100188399572,1744272152_TH,10.4K sold,False,https://th-live-01.slatic.net/p/a2ca22f4f31be09c01191fd0655b13f2.jpg,AW-SOY ISOLATE + ‡πÅ‡∏Å‡πâ‡∏ß‡πÄ‡∏ä‡πá‡∏Ñ ‡∏ã‡∏≠‡∏¢‡πÇ‡∏õ‡∏£‡∏ï‡∏µ‡∏ô Soy Protein ‡πÇ‡∏õ‡∏£‡∏ï‡∏µ‡∏ô‡∏ñ‡∏±‡πà‡∏ß‡πÄ‡∏´‡∏•‡∏∑‡∏≠‡∏á ‡πÄ‡∏ß‡∏¢‡πå‡∏ñ‡∏±‡πà‡∏ß‡πÄ‡∏´‡∏•‡∏∑‡∏≠‡∏á ‡∏Å‡∏•‡πâ‡∏≤‡∏° ‡∏≠‡∏¥‡πà‡∏°‡∏ô‡∏≤‡∏ô ‡∏•‡∏µ‡∏ô ‡∏ü‡∏¥‡∏ï ‡∏™‡∏≥‡∏´‡∏£‡∏±‡∏ö‡∏Ñ‡∏ô‡πÅ‡∏û‡πâ‡πÄ‡∏ß‡∏¢‡πå‡πÇ‡∏õ‡∏£‡∏ï‡∏µ‡∏ô‡∏ô‡∏° ‡∏Ç‡∏ô‡∏≤‡∏î 800 ‡∏Å‡∏£‡∏±‡∏°
New Life Plus,65% Off,"https://th-live-01.slatic.net/p/3cdec8a3dc4ae15c76d11c016f6ef1e7.jpg,https://th-live-01.slatic.net/p/f4f6257bb4f5d16ea558265bb27729cf.jpg,https://th-live-01.slatic.net/p/8b922353a69ab2e2f54d330d85297eb0.jpg,https://th-live-01.slatic.net/p/e53095ba2283050696dc7129ca4baea9.jpg,https://th-live-01.slatic.net/p/5f313d42472ded654c9d4e9da2476428.jpg,https://th-live-01.slatic.net/p/4473edf095feed4659ea499f0f8bab4c.jpg,https://th-live-01.slatic.net/p/193f7b180b2777a4e1f03a7d180ee3f1.jpg,https://th-live-01.slatic.net/p/0d6045a437fe033d8e4d967accf1cae8.jpg,https://th-live-01.slatic.net/p/f00bc770e9ae260c5b87ef3223f83e90.jpg,https://th-live-01.slatic.net/p/887673529a9d941957720a6b9ff126a5.jpg",True,4874790310,protein,New Life Rich,3980,1,1405,//www.lazada.co.th/products/11-nlp-whey-protein-isolate-vanilla-flavor-800-i4874790310.html,,4.85,131,1000022822,4874790310_TH,382 sold,False,https://sg-test-11.slatic.net/p/f00bc770e9ae260c5b87ef3223f83e90.jpg,üöõ‡∏™‡πà‡∏á‡∏ü‡∏£‡∏µ ‡∏™‡πà‡∏á‡πÑ‡∏ß ‡∏™‡∏±‡πà‡∏á‡πÄ‡∏•‡∏¢üî• (1‡πÅ‡∏ñ‡∏°1) NLP Whey Protein Isolate Vanilla Flavor ‡πÄ‡∏ß‡∏¢‡πå‡πÇ‡∏õ‡∏£‡∏ï‡∏µ‡∏ô ‡πÑ‡∏≠‡πÇ‡∏ã‡πÄ‡∏•‡∏ï ‡∏£‡∏™‡∏ß‡∏≤‡∏ô‡∏¥‡∏•‡∏•‡∏≤ ‡∏Å‡∏£‡∏∞‡∏õ‡∏∏‡∏Å‡πÉ‡∏´‡∏ç‡πà 800 ‡∏Å‡∏£‡∏±‡∏° ‡∏ó‡∏≤‡∏ô‡∏á‡πà‡∏≤‡∏¢ ‡∏î‡∏π‡∏î‡∏ã‡∏∂‡∏°‡πÑ‡∏ß ‡πÉ‡∏´‡πâ‡πÇ‡∏õ‡∏£‡∏ï‡∏µ‡∏ô‡∏™‡∏π‡∏á
MATELL,6% Off,"https://th-live.slatic.net/p/fb8e876040dfb9500823242bfa55b990.jpg,https://th-live.slatic.net/p/fb8e876040dfb9500823242bfa55b990.jpg",True,3903910125,protein,MATELL,269,1,252,//www.lazada.co.th/products/matell-pea-protein-isolate-plant-based-non-whey-i3903910125.html,,4.93,4160,100183276,3903910125_TH,21.9K sold,False,https://th-live.slatic.net/p/fb8e876040dfb9500823242bfa55b990.jpg,MATELL Pea Protein Isolate ‡∏û‡∏µ ‡πÇ‡∏õ‡∏£‡∏ï‡∏µ‡∏ô ‡πÑ‡∏≠‡πÇ‡∏ã‡πÄ‡∏•‡∏ó Plant-based ‡πÇ‡∏õ‡∏£‡∏ï‡∏µ‡∏ô‡∏ñ‡∏±‡πà‡∏ß‡∏•‡∏±‡∏ô‡πÄ‡∏ï‡∏≤ Non Whey
No Brand,3% Off,,True,4691592985,protein,LittleAndSmall ,489,1,475.01,//www.lazada.co.th/products/100-500g-i4691592985.html,,4.93,463,100360064197,4691592985_TH,1.3K sold,False,https://th-live-01.slatic.net/p/bed2ba658a2add9534c6c24f282d3dfa.png,"100% pure white egg powder  All ages, high protein, not fishy, the elderly available 500g"
Quest Nutrition,44% Off,"https://th-live-01.slatic.net/p/3541aa86d74a788b6a5492163c60ef16.png,https://th-live-01.slatic.net/p/ce7fdf1aff16c0b7e6a51e31f4b62200.png,https://th-live-01.slatic.net/p/f28016da81a0d7dd853d1fadb7332928.png,https://th-live-01.slatic.net/p/279760fa069c11694f4848dc542f17b2.png,https://th-live-01.slatic.net/p/fbd99462c778d986d64c39547710ffe5.png,https://th-live-01.slatic.net/p/ed786b6c20d266848550ff1433e48d01.jpg,https://th-live-01.slatic.net/p/0e7a8324fd315143049ac0448db27786.png,https://th-live-01.slatic.net/p/ccbccde9d43f1e1a990579acb8e01df7.png,https://th-live-01.slatic.net/p/0716d744a7116cd1f95f7e136c4bd578.png,https://th-live-01.slatic.net/p/db655d6740126be53b1e1557172bfc9d.jpg,https://th-live-01.slatic.net/p/49b9dc40c942ed3bfb9af696c8ddbcfd.png,https://th-live-01.slatic.net/p/e3910f2d26d39eb87793e75c822bc1f8.png,https://th-live-01.slatic.net/p/c8be077d2df1b11bf17337a3c8f32243.png,https://th-live-01.slatic.net/p/001780fb125c20ce1c4b1ab339c8daf1.png,https://th-live-01.slatic.net/p/545abc04a5f3a283ae797b8a8f63e201.png,https://th-live-01.slatic.net/p/4f413affbd319ba75018c09befb1f692.png,https://th-live-01.slatic.net/p/eca6873024d16d90b6834f1f539202f0.png,https://th-live-01.slatic.net/p/6144247bf748509b3c89f9ff890282dc.png,https://th-live-01.slatic.net/p/ff5c243b250100734aef18991866cd15.png",True,2260502488,protein,‡∏ó‡∏£‡∏π ‡∏ô‡∏π‡∏ó‡∏£‡∏¥‡∏ä‡∏±‡πà‡∏ô,199,1,111,//www.lazada.co.th/products/quest-protein-bar-1-bar-i2260502488.html,,4.94,131,100189386133,2260502488_TH,1.1K sold,False,https://th-live-01.slatic.net/p/a5b6e4d8253fc252194048828533617e.jpg,Quest Protein Bar 1 Bar ‡πÇ‡∏õ‡∏£‡∏ï‡∏µ‡∏ô‡∏ö‡∏≤‡∏£‡πå ‡∏Ç‡∏ô‡∏°‡πÇ‡∏õ‡∏£‡∏ï‡∏µ‡∏ô‡∏ó‡∏≤‡∏ô‡πÄ‡∏•‡πà‡∏ô ‡∏™‡∏£‡πâ‡∏≤‡∏á‡∏Å‡∏•‡πâ‡∏≤‡∏°‡πÄ‡∏ô‡∏∑‡πâ‡∏≠ ‡∏Ç‡∏ô‡∏°‡∏Ñ‡∏•‡∏µ‡∏ô
Banner,,"https://th-live.slatic.net/p/099fa127e21a348b6694685208c0ec9b.jpg,https://th-live.slatic.net/p/21553cff61edeb726f1af9ae9f6e1705.jpg,https://th-live.slatic.net/p/c24401f61b4e1d3822a71be009d90c32.jpg,https://th-live.slatic.net/p/45ed5395b93a7be1fb5f9952aab043c4.jpg,https://th-live.slatic.net/p/9c784ad29b953a28554884b786a0caef.jpg",True,4079285998,protein,SBC Healthy,169,1,169,//www.lazada.co.th/products/banner-soy-protein-lecithin-multivitamins-zinc-hi-b-fish-oil-30-60-i4079285998.html,,4.97,769,1954,4079285998_TH,2.6K sold,False,https://th-live.slatic.net/p/9b8ce2093471cdb69b0afae7d9c5fad4.jpg,BANNER ‡πÅ‡∏ö‡∏ô‡πÄ‡∏ô‡∏≠‡∏£‡πå  Soy Protein Lecithin ‡πÇ‡∏õ‡∏£‡∏ï‡∏µ‡∏ô (‡πÅ‡∏î‡∏á) / Multivitamins  Zinc ‡∏°‡∏±‡∏•‡∏ï‡∏¥‡∏ß‡∏¥‡∏ï‡∏≤‡∏°‡∏¥‡∏ô (‡πÄ‡∏´‡∏•‡∏∑‡∏≠‡∏á) / Hi-B Fish Oil ‡∏ü‡∏¥‡∏ä‡∏≠‡∏≠‡∏¢ ( ‡∏ü‡πâ‡∏≤ ) ‡∏ú‡∏•‡∏¥‡∏ï‡∏†‡∏±‡∏ì‡∏ë‡πå‡πÄ‡∏™‡∏£‡∏¥‡∏°‡∏≠‡∏≤‡∏´‡∏≤‡∏£ ( 30 / 60 ‡πÄ‡∏°‡πá‡∏î)
Wink White Thailand,4% Off,"https://filebroker-cdn.lazada.co.th/kf/S80d07157dc9c40c89d675163af3c0f6cC.jpg,https://filebroker-cdn.lazada.co.th/kf/Sdebdd654c0674d9184c3fead668aad38Y.jpg,https://filebroker-cdn.lazada.co.th/kf/Sf25e2af6da9546dc993112f916e94ba8q.jpg,https://filebroker-cdn.lazada.co.th/kf/S581debaa37fb4561a770ada40b617268g.jpg,https://filebroker-cdn.lazada.co.th/kf/S4c32dce15ff345b68f3e389aad8d9affV.jpg,https://filebroker-cdn.lazada.co.th/kf/S14a421fdc5d04f89bb992fb108caa2232.jpg,https://filebroker-cdn.lazada.co.th/kf/S1060aa82fce84c6094593f12915adc1cv.jpg,https://filebroker-cdn.lazada.co.th/kf/S72a2c5b9c21b4f3a98432e7444b9b7d5r.jpg,https://filebroker-cdn.lazada.co.th/kf/S2ae23ad4552e4cf0b30114f243f56165w.jpg,https://filebroker-cdn.lazada.co.th/kf/Seabba1162e174bed84ccad8202b0e56fF.jpg,https://filebroker-cdn.lazada.co.th/kf/S404923d957d5458596398f2dd936ecd91.jpg,https://filebroker-cdn.lazada.co.th/kf/S197efbda2a0e45a8bf6782bf08839beeZ.jpg,https://filebroker-cdn.lazada.co.th/kf/Se697b714dc21406396c934ef1f185b27j.jpg,https://filebroker-cdn.lazada.co.th/kf/Sf7bfff6057384fc69b475e18af3a71b5v.jpg,https://filebroker-cdn.lazada.co.th/kf/S5e03483886834a49ba4adfcf50d3e8dcI.jpg,https://filebroker-cdn.lazada.co.th/kf/Sed8e7175c1c048c99f3cef52694d62c8L.jpg,https://filebroker-cdn.lazada.co.th/kf/Se644cdd9265b4858aebf727285e8f560S.jpg,https://filebroker-cdn.lazada.co.th/kf/S0263fa836033425dacee93735ff89822g.jpg,https://filebroker-cdn.lazada.co.th/kf/S4133cd6e7b384904b8dd4e025bb5a092w.jpg",True,4741214945,protein,Winkwhitethailand-official,490,1,470.4,//www.lazada.co.th/products/xs-protein-winkwhite-i4741214945.html,,4.95,413,100253631769,4741214945_TH,776 sold,False,https://filebroker-cdn.lazada.co.th/kf/Scee4117a0a674f15a10d8b7c1c92823dG.jpg,‡∏™‡πà‡∏á‡∏ü‡∏£‡∏µ XS PROTEIN WINKWHITE [‡∏Ñ‡∏•‡∏∞‡∏™‡∏π‡∏ï‡∏£]‡πÇ‡∏õ‡∏£‡∏ï‡∏µ‡∏ô‡∏ú‡∏á ‡∏£‡∏™‡∏ä‡∏≤‡πÑ‡∏ó‡∏¢ ‡∏ô‡∏°‡πÄ‡∏¢‡πá‡∏ô ‡∏Ñ‡∏∏‡∏Å‡∏Å‡∏µ‡πâ‡πÅ‡∏≠‡∏ô‡∏Ñ‡∏£‡∏µ‡∏° ‡∏ä‡πá‡∏≠‡∏Å‡πÇ‡∏Å‡πÅ‡∏•‡∏ï
MakeMoves,57% Off,"https://th-live.slatic.net/p/a2c6c3f7633626ab22e872b700cc08f7.jpg,https://th-live.slatic.net/p/a89739212d92a73f9acc96a580f5fd0e.jpg,https://th-live.slatic.net/p/88c85d755043b27fd9c714bd1a8a1e9a.jpg,https://th-live.slatic.net/p/f2e4bc9a125ef8654c18eedb361750ef.jpg",True,5000476163,protein,FAMEe_Tamjai,1590,1,690,//www.lazada.co.th/products/makemove-i5000476163.html,,4.97,468,100194072204,5000476163_TH,1.2K sold,False,https://filebroker-cdn.lazada.co.th/kf/Sb46f22f885564da0838cd6be226bcf31u.jpg,MakeMove ‡πÄ‡∏ß‡∏¢‡πå‡πÇ‡∏õ‡∏£‡∏ï‡∏µ‡∏ô ‡∏™‡∏π‡∏ï‡∏£‡∏ö‡∏±‡∏Ñ ‡πÄ‡∏û‡∏¥‡πà‡∏°‡∏ô‡πâ‡∏≥‡∏´‡∏ô‡∏±‡∏Å
wisamin,54% Off,"https://th-live.slatic.net/p/a4ee1d5c4d6f63a77d76e00aab12713b.jpg,https://th-live-01.slatic.net/p/9ce615acb96f051b3c5b5f5384901dc6.jpg,https://th-live.slatic.net/p/923109dd546ed3356093ab2197c62486.jpg,https://th-live.slatic.net/p/ffcaa9a0634c097d6cb65c0f0275cef9.jpg,https://th-live.slatic.net/p/25e09b7d5bd3f2d012f2d2983b6dd8d2.jpg,https://th-live-01.slatic.net/p/be726bbe291dfbbd5906956e10e9672c.jpg,https://th-live.slatic.net/p/e5b3c99955b68f7ef1456d2b0e60043b.jpg,https://th-live.slatic.net/p/c917f39debf1fc1d7f15a7c0e7db19fd.jpg",True,4203769922,protein,MAX GB SHOP-02,1180,1,541.15,//www.lazada.co.th/products/1-10-protein-plant-1-900-3-gmo-i4203769922.html,,4.96,549,100192413157,4203769922_TH,1.2K sold,False,https://th-live.slatic.net/p/5080b1caa8401c47f56e6e411a171d1b.jpg,‡πÇ‡∏õ‡∏£‡∏ï‡∏µ‡∏ô‡πÅ‡∏û‡∏•‡∏ô‡∏ó‡πå ‡∏™‡∏π‡∏ï‡∏£ 1 (‡∏°‡∏µ 10 ‡∏£‡∏™‡∏ä‡∏≤‡∏ï‡∏¥) PROTEIN PLANT ( 1 ‡∏Å‡∏£‡∏∞‡∏õ‡∏∏‡∏Å 900 ‡∏Å‡∏£‡∏±‡∏°) ‡πÇ‡∏õ‡∏£‡∏ï‡∏µ‡∏ô‡∏à‡∏≤‡∏Å‡∏û‡∏∑‡∏ä 3 ‡∏ä‡∏ô‡∏¥‡∏î ‡πÇ‡∏õ‡∏£‡∏ï‡∏µ‡∏ô‡∏à‡∏≤‡∏Å‡∏Ç‡πâ‡∏≤‡∏ß ‡∏ñ‡∏±‡πà‡∏ß‡∏•‡∏±‡∏ô‡πÄ‡∏ï‡∏≤ ‡∏°‡∏±‡∏ô‡∏ù‡∏£‡∏±‡πà‡∏á ‡∏≠‡∏≠‡πÅ‡∏Å‡∏£‡∏ô‡∏¥‡∏Ñ ‡∏õ‡∏•‡∏≠‡∏î‡∏Å‡∏•‡∏π‡πÄ‡∏ï‡∏ô ‡∏õ‡∏•‡∏≠‡∏î GMO
TRUVITAR,48% Off,"https://th-live-01.slatic.net/p/0d49968b37c6eee8fa8fefd3cf925050.jpg,https://th-live-01.slatic.net/p/50fb3e6b09ead54727b10bdbd3a845a7.jpg,https://th-live-01.slatic.net/p/c2ffde67ae55ee43f051007fd6a99c56.jpg,https://th-live-01.slatic.net/p/680af5d6168e63823fbfbec9f9cdc3e3.jpg,https://th-live-01.slatic.net/p/6636afc46262438fa4dfbb533635d3f8.jpg,https://th-live-01.slatic.net/p/65b1427a66ad1b861790364818e353df.jpg,https://th-live-01.slatic.net/p/08d9504e28bef0985d47e8736a7b6b55.jpg,https://th-live-01.slatic.net/p/0f2e7cddbd8f11664e3c8d29243e2424.jpg",True,4962227601,protein,Truvitar Vitamins,2580,1,1341,//www.lazada.co.th/products/11-truvitar-almond-protein-plus-collagen-1050-35g-i4962227601.html,,4.94,93,100410032722,4962227601_TH,216 sold,False,https://th-live-01.slatic.net/p/6636afc46262438fa4dfbb533635d3f8.jpg,"üî•‡∏™‡πà‡∏á‡πÑ‡∏ß ‡∏™‡πà‡∏á‡∏ü‡∏£‡∏µ üëç(1‡πÅ‡∏ñ‡∏°1) TruVitar Almond Protein Plus Collagen  ‡∏£‡∏™‡πÇ‡∏Å‡πÇ‡∏Å‡πâ  ‡∏Ç‡∏ô‡∏≤‡∏î 1,050 ‡∏Å‡∏£‡∏±‡∏° ‡πÇ‡∏õ‡∏£‡∏ï‡∏µ‡∏ô‡∏™‡∏π‡∏á 35g ‡∏à‡∏≤‡∏Å‡∏û‡∏∑‡∏ä‡∏ú‡∏™‡∏°‡∏Ñ‡∏≠‡∏•‡∏•‡∏≤‡πÄ‡∏à‡∏ô ‡∏Å‡∏•‡∏¥‡πà‡∏ô‡∏´‡∏≠‡∏° ‡∏ó‡∏≤‡∏ô‡∏á‡πà‡∏≤‡∏¢‡πÑ‡∏î‡πâ‡∏ó‡∏∏‡∏Å‡∏ß‡∏±‡∏ô"
New Life Plus,53% Off,"https://th-live-01.slatic.net/p/ecb94fb4f80cb49dd8c70b2459e46e89.jpg,https://th-live-01.slatic.net/p/8336f4df86e880e994df8c440a95f569.jpg,https://th-live-01.slatic.net/p/d45877a22c942a8769645cf2baedf9d7.jpg,https://th-live-01.slatic.net/p/7085677ac8c873d4408c9ceb026fcedc.jpg,https://th-live-01.slatic.net/p/261e51b75c163a1b8608bacb4f1cbc1e.jpg,https://th-live-01.slatic.net/p/dc53ed9a37dc9bcb2d018cad360eb331.jpg,https://th-live-01.slatic.net/p/8e5cd56d256e23a147ab0241faee2646.jpg,https://th-live-01.slatic.net/p/ba3b7c738b78fce6b90acf08bd6a08cf.jpg,https://th-live-01.slatic.net/p/d5e1439cc5d900ec358015950789cbbd.jpg",True,5103973247,protein,New Life Plus,2590,1,1209,//www.lazada.co.th/products/11new-life-plus-plant-protein-cocoa-flavor-i5103973247.html,,4.96,46,100150809,5103973247_TH,145 sold,False,https://th-live-01.slatic.net/p/d5e1439cc5d900ec358015950789cbbd.jpg,üöõ‡∏™‡πà‡∏á‡∏ü‡∏£‡∏µ ‡∏™‡∏±‡πà‡∏á‡πÄ‡∏•‡∏¢üî•(1‡πÅ‡∏ñ‡∏°1)New Life Plus Plant Protein Cocoa Flavor ‡∏ú‡∏•‡∏¥‡∏ï‡∏†‡∏±‡∏ì‡∏ë‡πå‡πÄ‡∏™‡∏£‡∏¥‡∏°‡∏≠‡∏≤‡∏´‡∏≤‡∏£ ‡πÇ‡∏õ‡∏£‡∏ï‡∏µ‡∏ô‡∏û‡∏∑‡∏ä ‡∏£‡∏™‡πÇ‡∏Å‡πÇ‡∏Å‡πâ ‡∏ä‡πà‡∏ß‡∏¢‡∏ö‡∏≥‡∏£‡∏∏‡∏á‡∏Å‡∏£‡∏∞‡∏î‡∏π‡∏Å ‡πÄ‡∏™‡∏£‡∏¥‡∏°‡∏™‡∏£‡πâ‡∏≤‡∏á‡∏Å‡∏•‡πâ‡∏≤‡∏°‡πÄ‡∏ô‡∏∑‡πâ‡∏≠ ‡∏ä‡πà‡∏ß‡∏¢‡∏Ñ‡∏ß‡∏ö‡∏Ñ‡∏∏‡∏°‡∏Ñ‡∏ß‡∏≤‡∏°‡∏≠‡∏¢‡∏≤‡∏Å‡∏≠‡∏≤‡∏´‡∏≤‡∏£‡πÑ‡∏î‡πâ
Optimum Nutrition,33% Off,,True,734722095,protein,Optimum Nutrition,4000,1,2699,//www.lazada.co.th/products/optimum-nutrition-whey-protein-gold-standard-5lb-i734722095.html,,4.94,7525,100178658285,734722095_TH,37.8K sold,False,https://th-live-01.slatic.net/p/4697230c264982aea169e1ee49d5f630.jpg,Optimum Nutrition Whey Protein Gold Standard 5LB - ‡πÄ‡∏ß‡∏¢‡πå‡πÇ‡∏õ‡∏£‡∏ï‡∏µ‡∏ô ‡πÄ‡∏´‡∏°‡∏≤‡∏∞‡∏™‡∏≥‡∏´‡∏£‡∏±‡∏ö‡∏ú‡∏π‡πâ‡∏ó‡∏µ‡πà‡∏≠‡∏¢‡∏≤‡∏Å‡πÄ‡∏û‡∏¥‡πà‡∏°‡∏Å‡∏•‡πâ‡∏≤‡∏°‡πÄ‡∏ô‡∏∑‡πâ‡∏≠
Maxtech,42% Off,,True,4606256828,protein,MaxTech.store,2500,1,1460,//www.lazada.co.th/products/3-x3-maxtech-isolate-v16-i4606256828.html,,4.96,2032,100279665844,4606256828_TH,4.9K sold,False,https://th-live-01.slatic.net/p/a646ae7b5a281680010d3cb2861c35c6.png,‡πÄ‡∏ã‡πá‡∏ï3‡∏ñ‡∏∏‡∏á X3 MaxTech Isolate ‡πÄ‡∏ß‡∏¢‡πå‡πÇ‡∏õ‡∏£‡∏ï‡∏µ‡∏ô ‡πÑ‡∏≠‡πÇ‡∏ã‡πÄ‡∏•‡∏ó ‡∏•‡∏î‡πÑ‡∏Ç‡∏°‡∏±‡∏ô ‡πÄ‡∏û‡∏¥‡πà‡∏°‡∏Å‡∏•‡πâ‡∏≤‡∏°‡πÄ‡∏ô‡∏∑‡πâ‡∏≠ V16
Maxtech,17% Off,,True,4370216077,protein,MaxTech.store,450,1,372.65,//www.lazada.co.th/products/isolate1lb-whey-protein-isolate-iso-pro-max-v30-i4370216077.html,,4.94,662,100279665844,4370216077_TH,1.8K sold,False,https://th-live-01.slatic.net/p/affee5747b1e5fa54bd03289d0987479.jpg,Line line isolate1lb. Whey protein isolate ISO Pro Max V.30
Ensure,57% Off,,True,5263853244,protein,‡∏ô‡∏° ‡∏ô‡∏° 160,2500,1,1064,//www.lazada.co.th/products/ensure-vanilla-400-x-3-i5263853244.html,,5.0,0,100823968695,5263853244_TH,,False,https://th-live-01.slatic.net/p/09a985201fd52aa521a65f5d7af80360.jpg,Ensure vanilla
biovitt,72% Off,,True,2050106694,protein,9A Shop,2490,1,690,//www.lazada.co.th/products/biovitt-whey-protein-isolate-2-i2050106694.html,,4.95,2817,100190166524,2050106694_TH,11.6K sold,False,https://th-live.slatic.net/p/db0e5399c8bdf039fd9e3fa403cc5a25.jpg,üëäbiovitt Whey Protein Isolate ‡πÄ‡∏ß‡∏¢‡πå‡πÇ‡∏õ‡∏£‡∏ï‡∏µ‡∏ô ‡πÑ‡∏≠‡πÇ‡∏ã‡πÄ‡∏•‡∏ó 2 ‡∏õ‡∏≠‡∏ô‡∏î‡πå ‡∏≠‡∏£‡πà‡∏≠‡∏¢ ‡πÇ‡∏õ‡∏£‡∏ï‡∏µ‡∏ô‡∏™‡∏π‡∏á  ‚ùå‡∏ô‡πâ‡∏≥‡∏ï‡∏≤‡∏• ‚ùå‡πÅ‡∏õ‡πâ‡∏á ‚ùå‡πÑ‡∏Ç‡∏°‡∏±‡∏ô‡∏ó‡∏£‡∏≤‡∏ô‡∏ó‡πå ‡∏™‡∏£‡πâ‡∏≤‡∏á‡∏Å‡∏•‡πâ‡∏≤‡∏°‡πÄ‡∏ô‡∏∑‡πâ‡∏≠ ‡∏•‡∏µ‡∏ô‡πÑ‡∏Ç‡∏°‡∏±‡∏ô
MATELL,34% Off,,True,2422934583,protein,MATELL,399,1,261.73,//www.lazada.co.th/products/matell-mass-soy-protein-gainer-2-lb-2-908-non-whey-i2422934583.html,,4.95,8617,100183276,2422934583_TH,45.7K sold,False,https://th-live-01.slatic.net/p/e19c92c9fb1d1dace486d200d5d56755.jpg,MATELL Mass Soy Protein Gainer 2 lb ‡πÅ‡∏°‡∏™ ‡∏ã‡∏≠‡∏¢ ‡πÇ‡∏õ‡∏£‡∏ï‡∏µ‡∏ô 2‡∏õ‡∏≠‡∏ô‡∏î‡πå ‡∏´‡∏£‡∏∑‡∏≠ 908‡∏Å‡∏£‡∏±‡∏° (Non Whey‡πÄ‡∏ß‡∏¢‡πå) ‡πÄ‡∏û‡∏¥‡πà‡∏°‡∏ô‡πâ‡∏≥‡∏´‡∏ô‡∏±‡∏Å + ‡πÄ‡∏û‡∏¥‡πà‡∏°‡∏Å‡∏•‡πâ‡∏≤‡∏°‡πÄ‡∏ô‡∏∑‡πâ‡∏≠
Maxtech,35% Off,https://filebroker-cdn.lazada.co.th/kf/S4c636285a6594ede969ee479382d2ae5b.jpg,True,5097287179,protein,WheyNuka,990,1,647.04,//www.lazada.co.th/products/maxtech-whey-protein-isolate-2lb-i5097287179.html,,5.0,44,100386656563,5097287179_TH,96 sold,False,https://filebroker-cdn.lazada.co.th/kf/S397fc9c06a5449a5a98122c90ed701b9Q.jpg,Maxtech Whey Protein Isolate ‡πÄ‡∏ß‡∏¢‡πå‡πÇ‡∏õ‡∏£‡∏ï‡∏µ‡∏ô ‡∏£‡∏™‡∏ä‡πâ‡∏≠‡∏Ñ‡πÇ‡∏Å‡πÅ‡∏•‡∏ï 2LB ‡∏•‡∏î‡πÑ‡∏Ç‡∏°‡∏±‡∏ô ‡πÄ‡∏û‡∏¥‡πà‡∏°‡∏Å‡∏•‡πâ‡∏≤‡∏°‡πÄ‡∏ô‡∏∑‡πâ‡∏≠
biovitt,49% Off,"https://th-live.slatic.net/p/2cc6ba7dd8d29f6baee565e7ffe94dea.jpg,https://th-live-01.slatic.net/p/da715fe4354eeef3754e38416004c13b.jpg,https://th-live-01.slatic.net/p/8090cabb93ce34df1fefb8f8e4ae28fd.jpg,https://th-live-01.slatic.net/p/c66f9f923ea10e4bedeae3197659cd85.jpg,https://th-live-01.slatic.net/p/d03a1edec891db76fa12af5990e86b11.jpg,https://th-live-01.slatic.net/p/9da1c245ad4452ad9bf73e22133c1e33.jpg,https://th-live-01.slatic.net/p/2ba0531eaf1e64c882932290783f7b92.jpg,https://th-live.slatic.net/p/2183be27e75782e9a7c2b6d363eab803.jpg",True,3578669577,protein,‡πÑ‡∏ö‡πÇ‡∏≠‡∏ß‡∏¥‡∏ï,590,1,299,//www.lazada.co.th/products/biovitt-whey-protein-i3578669577.html,,4.97,985,100188426268,3578669577_TH,3.0K sold,False,https://th-live.slatic.net/p/660f430d5332fab8189d94180fad6f9c.jpg,[‡∏™‡∏¥‡∏ô‡∏Ñ‡πâ‡∏≤‡∏à‡∏±‡∏î‡πÄ‡∏ã‡πá‡∏ï] biovitt Whey Protein ‡πÑ‡∏ö‡πÇ‡∏≠‡∏ß‡∏¥‡∏ï ‡πÄ‡∏ß‡∏¢‡πå‡πÇ‡∏õ‡∏£‡∏ï‡∏µ‡∏ô ‡πÑ‡∏≠‡πÇ‡∏ã‡πÄ‡∏•‡∏ó ‡πÅ‡∏ö‡∏ö‡∏ã‡∏≠‡∏á  ‡∏•‡∏µ‡∏ô‡πÑ‡∏Ç‡∏°‡∏±‡∏ô ‡πÄ‡∏û‡∏¥‡πà‡∏°‡∏Å‡∏•‡πâ‡∏≤‡∏°‡πÄ‡∏ô‡∏∑‡πâ‡∏≠ ‡πÑ‡∏°‡πà‡∏°‡∏µ‡πÅ‡∏õ‡πâ‡∏á ‡πÑ‡∏°‡πà‡∏°‡∏µ‡∏ô‡πâ‡∏≥‡∏ï‡∏≤‡∏•
wisamin,52% Off,,True,4197068224,protein,MAX GB SHOP,1180,1,565.92,//www.lazada.co.th/products/protein-plant-1-2-3-1-900-i4197068224.html,,4.92,238,100186908006,4197068224_TH,1.0K sold,False,https://th-live-01.slatic.net/p/be726bbe291dfbbd5906956e10e9672c.jpg,Protein Plant ‡∏™‡∏π‡∏ï‡∏£ 1 ‡πÇ‡∏õ‡∏£‡∏ï‡∏µ‡∏ô‡πÅ‡∏û‡∏•‡∏ô‡∏ó‡πå ‡∏£‡∏™‡∏ö‡∏≤‡∏ô‡∏≤‡∏ô‡πà‡∏≤ (‡∏Å‡∏•‡πâ‡∏ß‡∏¢) ‡∏Ç‡∏ô‡∏≤‡∏î 2 ‡∏õ‡∏≠‡∏ô‡∏î‡πå ‡πÇ‡∏õ‡∏£‡∏ï‡∏µ‡∏ô‡∏à‡∏≤‡∏Å‡∏û‡∏∑‡∏ä 3 ‡∏ä‡∏ô‡∏¥‡∏î ‡∏≠‡∏≠‡πÅ‡∏Å‡∏£‡∏ô‡∏¥‡∏Ñ ‡πÇ‡∏õ‡∏£‡∏ï‡∏µ‡∏ô‡∏à‡∏≤‡∏Å‡∏Ç‡πâ‡∏≤‡∏ß ‡∏ñ‡∏±‡πà‡∏ß‡∏•‡∏±‡∏ô‡πÄ‡∏ï‡∏≤ ‡∏°‡∏±‡∏ô‡∏ù‡∏£‡∏±‡πà‡∏á ( 1 ‡∏Å‡∏£‡∏∞‡∏õ‡∏∏‡∏Å 900 ‡∏Å‡∏£‡∏±‡∏°)
No Brand,,https://th-live.slatic.net/p/0306eff22f16f3464215d17788c103b9.jpg,True,2808559019,protein,Workout-Day,190,1,190,//www.lazada.co.th/products/california-gold-nutrition-450-isolate-i2808559019.html,,4.94,5089,100188891022,2808559019_TH,32.1K sold,False,https://th-live.slatic.net/p/cc3c71235012e9ab227d1dcfa45eba0c.jpg,‡πÄ‡∏ß‡∏¢‡πå‡πÇ‡∏õ‡∏£‡∏ï‡∏µ‡∏ô‡πÑ‡∏≠‡πÇ‡∏ã‡πÄ‡∏•‡∏ó California Gold Nutrition ‡πÅ‡∏ö‡πà‡∏á‡∏Ç‡∏≤‡∏¢450‡∏Å‡∏£‡∏±‡∏° ‡πÄ‡∏ß‡∏¢‡πå‡πÇ‡∏õ‡∏£‡∏ï‡∏µ‡∏ôIsolate
New Life Plus,63% Off,"https://sg-test-11.slatic.net/p/727d82a0b56f5274cd9952587f777e20.jpg,https://sg-test-11.slatic.net/p/0cf54d83e878d09703400b721e6bc81e.jpg,https://sg-test-11.slatic.net/p/da422568929c477ef3f6de11b5639b96.jpg,https://sg-test-11.slatic.net/p/33aec26495d3dc89c76f7096f062b0a2.jpg,https://sg-test-11.slatic.net/p/4cae7d6ceb29f7e76ed0ccb86a86b15e.jpg,https://sg-test-11.slatic.net/p/af1e9cf7ecdcaa13712bea6fb961caa2.jpg,https://sg-test-11.slatic.net/p/9af7f2ff7b5423903b367b11ade6415d.jpg,https://sg-test-11.slatic.net/p/7bf538e2c5e171abd912ba8dc4c4ddf1.jpg,https://sg-test-11.slatic.net/p/a4c972bcd6ddd9b0669c5519d57a38f9.jpg,https://sg-test-11.slatic.net/p/0961224acd2864c8721fe7f4c587f3a3.jpg",True,4871660039,protein,New Life Plus,3890,1,1447.68,//www.lazada.co.th/products/11-new-life-plus-whey-protein-isolate-chocolate-malt-flavor-800-i4871660039.html,,4.91,104,100150809,4871660039_TH,365 sold,False,https://sg-test-11.slatic.net/p/af1e9cf7ecdcaa13712bea6fb961caa2.jpg,üöõ‡∏™‡πà‡∏á‡∏ü‡∏£‡∏µüî•(1‡πÅ‡∏ñ‡∏°1) New Life Plus Whey Protein Isolate Chocolate Malt Flavor ‡πÄ‡∏ß‡∏¢‡πå‡πÇ‡∏õ‡∏£‡∏ï‡∏µ‡∏ô ‡πÑ‡∏≠‡πÇ‡∏ã‡πÄ‡∏•‡∏ï ‡∏£‡∏™‡∏ä‡πá‡∏≠‡∏Å‡πÇ‡∏Å‡πÅ‡∏•‡∏ï ‡∏°‡∏≠‡∏•‡∏ï‡πå ‡∏Å‡∏£‡∏∞‡∏õ‡∏∏‡∏Å‡πÉ‡∏´‡∏ç‡πà 800 ‡∏Å‡∏£‡∏±‡∏° ‡∏ó‡∏≤‡∏ô‡∏á‡πà‡∏≤‡∏¢ ‡∏î‡∏π‡∏î‡∏ã‡∏∂‡∏°‡πÑ‡∏ß ‡πÉ‡∏´‡πâ‡πÇ‡∏õ‡∏£‡∏ï‡∏µ‡∏ô‡∏™‡∏π‡∏á
Maxtech,47% Off,,True,4832990819,protein,MaxTech.store,790,1,422,//www.lazada.co.th/products/max-mass-22lbs-1-kg-1000-v25-i4832990819.html,,4.98,594,100279665844,4832990819_TH,1.4K sold,False,https://th-live-01.slatic.net/p/cd2392137ac9570e9a8b6fb0dd569f08.jpg,Max mass 2.2.lbs 1 kg. 1000% V25
